id,structure,informativity,on-topic,correctness,category
2,0,4,4,4,closed_qa
23,0,4,4,4,closed_qa
25,0,4,4,4,summarization
48,0,4,4,4,closed_qa
62,0,4,4,4,closed_qa
83,4,2,4,3,brainstorming
127,0,4,4,4,summarization
131,0,3,4,4,summarization
222,0,3,4,4,summarization
229,0,4,4,4,closed_qa
248,0,4,4,4,closed_qa
290,0,3,4,1,brainstorming
340,4,4,4,4,brainstorming
355,0,3,3,4,closed_qa
463,4,4,4,4,summarization
470,4,3,4,4,brainstorming
554,0,4,4,4,summarization
586,0,4,4,4,closed_qa
662,0,4,4,4,closed_qa
684,0,4,4,4,brainstorming
685,4,4,4,4,brainstorming
706,0,3,4,4,summarization
731,0,4,4,4,closed_qa
801,0,4,4,4,summarization
833,0,4,4,4,summarization
870,0,4,4,0,brainstorming
902,4,4,4,4,summarization
953,0,2,3,1,closed_qa
1007,0,4,4,4,closed_qa
1012,0,4,4,4,brainstorming
1029,0,3,4,4,summarization
1037,0,4,4,4,closed_qa
1048,0,4,4,4,closed_qa
1055,0,3,4,4,brainstorming
1062,4,3,4,3,summarization
1080,4,4,4,0,brainstorming
1108,0,4,4,4,summarization
1150,0,3,4,0,brainstorming
1157,0,4,4,4,summarization
1198,0,1,1,1,brainstorming
1242,0,3,3,3,closed_qa
1244,4,4,4,4,brainstorming
1262,0,3,4,3,closed_qa
1323,4,2,3,3,brainstorming
1337,0,4,4,4,summarization
1345,4,3,4,0,brainstorming
1434,0,4,4,4,closed_qa
1455,0,4,4,4,closed_qa
1456,0,1,1,1,summarization
1492,4,3,4,0,brainstorming
1497,4,4,4,2,brainstorming
1514,0,4,4,4,closed_qa
1579,4,2,3,3,brainstorming
1580,0,2,4,4,summarization
1598,0,3,3,1,brainstorming
1601,4,2,4,3,summarization
1658,0,4,4,4,closed_qa
1669,0,1,1,1,closed_qa
1689,0,4,4,4,closed_qa
1714,0,4,4,4,summarization
1767,0,4,4,4,closed_qa
1834,4,4,4,0,brainstorming
1917,0,4,4,4,brainstorming
1954,0,3,3,3,summarization
1973,0,2,4,3,summarization
1996,0,2,2,2,brainstorming
2027,0,4,4,4,brainstorming
2063,0,4,4,4,closed_qa
2115,0,4,4,4,summarization
2215,0,4,4,4,closed_qa
2218,0,3,3,3,summarization
2222,0,4,4,4,summarization
2240,0,3,4,4,summarization
2321,4,3,3,1,brainstorming
2333,0,4,4,0,brainstorming
2334,0,4,4,4,summarization
2366,0,1,1,0,brainstorming
2386,0,3,3,3,brainstorming
2448,0,1,4,2,summarization
2464,0,4,1,0,brainstorming
2485,4,2,2,2,brainstorming
2525,0,4,4,4,closed_qa
2560,0,4,4,0,brainstorming
2580,0,4,4,4,closed_qa
2614,0,3,4,4,closed_qa
2668,0,4,4,4,closed_qa
2718,0,4,4,4,closed_qa
2724,0,4,4,4,summarization
2734,0,4,4,4,closed_qa
2757,0,4,4,4,closed_qa
2807,4,4,4,4,brainstorming
2822,4,4,4,4,closed_qa
2833,0,3,4,4,summarization
2859,4,4,4,0,brainstorming
2888,0,4,4,4,summarization
2927,4,3,4,0,brainstorming
2943,4,4,4,3,brainstorming
2948,0,4,4,4,brainstorming
2951,4,3,4,4,brainstorming
2997,0,3,4,4,summarization
3031,4,4,4,4,summarization
3046,0,4,4,4,closed_qa
3081,4,4,4,4,summarization
3092,0,3,4,4,summarization
3131,4,2,3,3,brainstorming
3141,0,4,4,4,summarization
3159,0,4,4,4,closed_qa
3183,0,4,4,4,closed_qa
3213,0,4,4,4,closed_qa
3261,4,3,4,4,summarization
3306,0,4,4,4,closed_qa
3317,0,4,4,4,closed_qa
3338,0,3,4,3,closed_qa
3351,0,3,3,4,closed_qa
3397,0,3,4,4,summarization
3406,0,4,4,4,closed_qa
3465,0,2,3,0,brainstorming
3485,0,2,2,4,summarization
3491,4,3,3,2,brainstorming
3611,0,4,4,0,brainstorming
3630,0,4,4,4,summarization
3634,0,4,4,4,summarization
3775,4,2,4,1,brainstorming
3818,0,3,4,0,brainstorming
3821,0,3,3,3,closed_qa
3827,4,4,4,4,summarization
3834,0,4,4,4,summarization
3864,0,4,4,4,closed_qa
3891,0,4,4,4,summarization
3897,0,4,4,4,closed_qa
3929,0,2,3,4,summarization
3937,0,4,4,4,summarization
3966,0,1,1,2,closed_qa
4007,0,4,4,4,brainstorming
4168,0,4,4,4,closed_qa
4197,3,4,4,4,brainstorming
4207,4,4,4,4,brainstorming
4234,4,3,3,3,brainstorming
4271,4,4,4,4,brainstorming
4290,0,4,4,4,summarization
4292,0,4,4,4,closed_qa
4311,0,4,4,4,closed_qa
4391,0,1,1,1,summarization
4461,0,4,4,4,summarization
4494,4,2,3,3,brainstorming
4496,0,3,3,3,summarization
4570,0,3,4,3,summarization
4624,0,3,3,3,brainstorming
4625,0,3,3,3,closed_qa
4673,0,3,3,0,brainstorming
